transactionAmount,transactionAmountDeviation,timeAnomaly,locationDistance,merchantNovelty,transactionFrequency,fraud
627.3249511055733,0.5696474137472572,0.5222974541864808,22.903009809080174,0.7827159559286656,3,1
144.9856428037702,0.01604558902421067,0.3834165987532794,12.707147161433847,0.1774525952313603,16,0
2064.710357606811,0.5981290389228986,0.8783757528443175,61.550868760314984,0.7614643822452137,1,1
728.3562398003369,0.15829431904343574,0.21378235650289878,7.216319225813789,0.2485059744106245,7,0
517.5104784255614,0.0774733164896875,0.18365430249530454,14.700488629282155,0.2463090469964348,17,0
7094.430448343394,0.7075928518870318,0.6526553383483656,37.01155010968769,0.7099568063687278,1,1
4211.919473329326,0.879006512934597,0.6859663339584324,56.135745538534614,0.819214417145595,3,1
969.5943631790226,0.21328574365102448,0.07980277093532791,11.043707755477323,0.26492001159055834,5,0
373.593340991028,0.07820835847077093,0.1984149817173625,10.393355380379091,0.17416830222659868,15,0
5092.370641744893,0.918128513508727,0.7943657610656599,50.02639263356815,0.785735066657761,1,1
971.1053963763306,0.23253984700833435,0.37579957662567565,13.422410256414732,0.29894998940554257,19,0
153.9942187451594,0.11748904216210682,0.04977502291874254,14.346235463391375,0.3989946610716917,9,0
8629.112891456625,0.7128674134261537,0.5318204546433212,86.50988115085678,0.8796935524531632,1,1
321.4264819677677,0.2605797384568381,0.08943833540778107,14.44833809160917,0.006077237344908171,17,0
4571.99019621952,0.4845757765130616,0.8320939572527086,37.2872362548246,0.7292687530717898,4,1
8305.550528249481,0.6755591183039283,0.678899132662721,59.53699578002399,0.9484747757311656,4,1
9906.984489082404,0.5434952666693458,0.7653686776434179,72.07658680944581,0.8933773524227031,4,1
227.19258487986153,0.012232542466429174,0.23635717727529673,10.163465427634236,0.008293914463928076,7,0
1802.542204425491,0.721186078871555,0.6076009360086188,20.969661971511464,0.7723604372798624,1,1
5931.837344459061,0.7104678110530247,0.7152137051604951,45.355727023289546,0.8303787882576135,3,1
1641.9686766454743,0.5593496997751637,0.5087761816833145,43.46468886244517,0.9319425621756015,2,1
2621.002162299365,0.7851159753132133,0.7853248119404674,65.44740098702938,0.8989022038425327,1,1
52.454814102733266,0.1913955617379893,0.20607006813349266,8.903078536847207,0.39687192519025816,19,0
748.8687310546155,0.41451505833481317,0.9158485218378867,41.845664797824995,0.8554236298716447,1,1
136.64579789625583,0.14832609141077444,0.023023504006657716,8.242933234856032,0.2207652506866885,11,0
3163.177377519449,0.8124438184817426,0.5122492241338261,44.490987270367455,0.8647391008831518,2,1
8548.347170819026,0.5890882234795319,0.6381186624875765,98.53226590819582,0.8581795542745769,4,1
636.0805724569551,0.294355853408227,0.2527254108066674,3.897053715962397,0.3170028515498057,12,0
907.9935057427949,0.1851791136291876,0.3921850900369512,9.121317743128278,0.3183221608111413,19,0
8925.78655198806,0.7874864875931236,0.64295339461958,85.27575511748938,0.9584109989090308,1,1
4084.479783360074,0.9617926923814941,0.837570030574834,29.281814507853543,0.7126875247668043,1,1
7420.661433035325,0.8658684678998347,0.8280809188405358,34.19430155757655,0.8635080756690815,3,1
8353.719917544131,0.9904078979262786,0.6442027189093729,96.89083883260744,0.8168445684707261,1,1
225.15237464501504,0.02710108817328236,0.3083943702141914,1.0237455803113737,0.4185394953515147,15,0
971.4143595538947,0.2497327922401265,0.08493564427131046,2.727374508106509,0.09170225492671691,16,0
4192.201586983547,0.4982102808791809,0.6368956537570533,94.26540262788616,0.9027946826759066,3,1
1806.4758607616461,0.6044894198739079,0.582412337673381,33.6465529245672,0.9844324960514327,2,1
590.0942695624605,0.17277737257742537,0.2926591021198561,1.9153459413369838,0.12500822460805233,12,0
492.1965083314844,0.2637214440684395,0.002058068301885907,12.299203761121502,0.11431258076246176,11,0
936.7644926755088,0.15031196517457776,0.21575097936002502,10.259456540972117,0.3079255821949569,11,0
4468.729303113447,0.9904661914218987,0.8339599994018135,70.77370186031531,0.7497864685887354,2,1
820.0256642427413,0.2961828387944833,0.06016675644141128,8.911960730282027,0.19044542831551076,10,0
7929.145681863189,0.7262834367197424,0.5499334105680891,75.0435555068811,0.7725666650662437,2,1
757.8113207142094,0.016464784393942476,0.18205747401446246,7.836518641067534,0.3222733253129111,18,0
710.9951793778281,0.0685650065391899,0.06998197083837447,14.732525149941534,0.25831794563550714,5,0
568.6199816567395,0.21174944516360836,0.38746077758965397,10.320450152625586,0.4184819371186869,5,0
405.81311290499434,0.2852142919229748,0.292797576724562,8.979877262955549,0.07800932022121826,7,0
562.7075257696258,0.17602534969915445,0.3861021229056552,9.10551371530027,0.13799959101127168,17,0
5601.571139337904,0.9124815985903025,0.5247484267468333,86.665365717841,0.9531773837835171,1,1
911.4870194684663,0.0816396748153906,0.25907604821654495,0.007805654929737282,0.1762844281670845,7,0
147.967675394136,0.27076587200387,0.20210094897914288,12.396861991616124,0.16002480051530588,15,0
514.9537154609834,0.06636283254588067,0.39506720319865885,14.160890095299198,0.01971340568425295,14,0
241.5459540453573,0.04909678285971135,0.06570631917239718,12.218620803470731,0.33259861034810007,14,0
6121.123041910092,0.8215802638513099,0.6187167341874031,60.98910220366325,0.7312674408425043,2,1
331.4927144331906,0.07008232531497298,0.016837275854544753,0.26810902100120715,0.4938611948680158,13,0
971.060023758451,0.21437853125398562,0.016427006707150315,5.982313521671918,0.21676036879037103,14,0
623.535455143632,0.034280190016706326,0.16580183368145107,12.952772109194354,0.4614801158992424,11,0
900.9754158898434,0.14261106695463352,0.22531022879055349,10.432741296391912,0.06966572720293784,11,0
96.34440258951443,0.15978075582022863,0.38484878903681996,1.6420329008168082,0.4472399654840337,17,0
146.06654231665073,0.02523204183449923,0.280387652583648,1.091445095462903,0.4109300296451781,14,0
2842.734532291234,0.690446241826121,0.8737222032983469,57.90478627183573,0.7173533348341481,2,1
839.3333317746202,0.259382650786511,0.3074077458095165,1.6966472861485955,0.3977551858482016,8,0
8949.21370322402,0.6703717940378547,0.94122972022805,28.455478392501927,0.9964825813000394,3,1
1694.3805554261492,0.8422579302592308,0.9872959056676649,24.17589032359773,0.9046581641879832,2,1
189.2745806074242,0.15399785060771787,0.09329122896981112,8.719581258401735,0.43156926099450194,10,0
219.88157376026237,0.10994063537485797,0.29766820922262494,10.81409886378194,0.1540303959261946,16,0
5845.761140712222,0.6647342281931959,0.8028776515695284,93.49877684851019,0.8086804261295774,1,1
939.3470354527419,0.2088089390024919,0.228024468035746,1.4576474065615281,0.30750361334958487,10,0
613.6147158946698,0.19508825576203617,0.19171157143051493,9.236130329133642,0.1645087189073311,18,0
5983.872442301824,0.8428414740031103,0.9030979405018954,87.49898611253795,0.7761924623716074,1,1
1900.7990037096974,0.596915652165587,0.7170096830869377,27.08803437436938,0.7661835858133633,3,1
8211.646060224244,0.845027236907758,0.9407253898375108,42.232167779909425,0.7581861601803325,4,1
442.8716464490839,0.036565828001084266,0.07245973981387213,10.216767809474742,0.09071917384781347,17,0
840.269957588851,0.20088078484018856,0.027972642283773653,9.602523357422491,0.1355737182500924,12,0
2389.134638865311,0.4387700079064517,0.5213166046435164,49.71268541201126,0.7797553409962941,3,1
8313.565354526429,0.47951480364510907,0.9310072411363113,93.82057524107155,0.8461185756456807,2,1
648.698310912687,0.18294954164960836,0.22537557093938354,5.706295563491965,0.2742498608257384,5,0
883.5984128507004,0.22052131314116571,0.32139237215393945,4.2305185885695975,0.08871977188986141,13,0
9729.563902710592,0.532447293071669,0.8670148812946532,81.00771157553402,0.9787772194021688,2,1
3278.893365172047,0.4913977536787213,0.6330840062577687,21.76215369790536,0.8749772477368347,3,1
231.15333463048324,0.010964900354428464,0.18882677804399972,8.472616998939246,0.03285431971417618,18,0
517.9938490763161,0.0034060934302257207,0.18746425679765052,0.8445491352275603,0.05940895813403596,17,0
8817.356652249853,0.5096843419941403,0.6392197041252172,30.368052095635356,0.9028324694243233,1,1
447.83199864746945,0.11494155847484923,0.20756708211313502,0.7044895016258257,0.0831416843780397,15,0
8184.392885545117,0.4458501156628309,0.6396838569673582,94.4255107870259,0.7759175298402353,4,1
80.70015355416794,0.0839290521506837,0.1644826883488745,9.041728230349477,0.13547882125756494,17,0
952.7254861297623,0.13380173188738673,0.07405317153544787,8.128514210675371,0.43647291793820414,12,0
5079.390052064784,0.5176586276430357,0.8053900355378841,42.45465724127794,0.762097773531528,1,1
9968.620111603279,0.8883821617036113,0.8076097191155054,44.500289662928935,0.8871687508874915,4,1
225.35587306018135,0.08858348676609303,0.31736290325913497,2.778426698211145,0.45887624458568865,8,0
3949.456998023099,0.9383118045787714,0.5844271033388431,60.56408830923529,0.8794337888107053,3,1
3123.610799298545,0.8241858924734298,0.5313448108109329,87.1470793884802,0.7011459767975748,1,1
9109.418514949848,0.5497277199097037,0.6359748630643155,80.7518609934371,0.834921952735162,1,1
6962.163902479357,0.42500374036143057,0.5423960080229016,77.30587104501458,0.721625300799602,4,1
6003.030361295005,0.8556106154515678,0.5494368088203176,91.17216264140531,0.7036929109048227,3,1
517.8588934866511,0.507023550584398,0.5145356901719769,33.350809428389674,0.7543957839776515,1,1
710.6405669513151,0.02263036412693078,0.06648617276370117,3.2521365987973683,0.14724697341971493,5,0
622.318879606063,0.16611091570374023,0.08509115800969158,14.192918143225354,0.39064802523560127,11,0
2020.2368964003435,0.41401125779691156,0.8781068069750884,56.681840710551256,0.7867734315917964,1,1
345.43320562987907,0.09755499660802411,0.2918424713352256,9.563362070328196,0.44360637128816327,5,0
205.34767895577164,0.11732446099552821,0.387764928934115,3.8720014905169133,0.3283683322706461,19,0
6634.534845908317,0.42686707030280097,0.8809534100662078,95.7315547194837,0.8019306481453353,2,1
439.86377688384823,0.2266653415629146,0.09151926619664899,1.154698647431895,0.144875726456884,10,0
4884.035913934975,0.7823208860849682,0.8296769611028914,91.60941925652291,0.8910009046501621,3,1
3713.541306947735,0.9568501841956298,0.612307805921926,49.77336190700107,0.8296230648832588,4,1
124.53356227515266,0.007605223024637253,0.38505936587117007,12.539701807683088,0.347987103046849,9,0
5260.953492229092,0.6383072664575267,0.7698663093799714,70.23600422181087,0.9022911419227145,2,1
710.2327918202154,0.25803671915676135,0.31194039555733993,0.5942823802253572,0.24025347362891447,12,0
5117.147278286629,0.9521783087316447,0.7603840709171064,69.31997815160668,0.7469915310921424,2,1
912.4728239393902,0.09485897468894838,0.23532267031802268,10.244730951256987,0.22597430064951962,12,0
346.13596440577084,0.07454674194433972,0.2975785170290708,0.5029865210366907,0.28494484243565826,14,0
1376.7055246959437,0.757792911316221,0.7747918283610717,92.02570144594172,0.8212719188932627,3,1
2955.100392772272,0.726409947509651,0.8180353818649125,37.68506971629827,0.9935191836401788,2,1
973.1929785849127,0.2887341884826334,0.10071291833014567,7.4587275883857815,0.15043915490838483,5,0
1192.5674359950833,0.6417239695795822,0.6476452470239716,38.59074584448383,0.784301349672614,4,1
630.4319394084422,0.12330854094201141,0.33594452114668816,13.500346850970168,0.17671068965135905,14,0
275.66615867768377,0.29141852821249187,0.07239078108379592,12.815776400543687,0.2461389282240174,18,0
479.7023702923851,0.1930733085589575,0.2105610643744453,10.973842826329978,0.04081499101529479,10,0
604.9895104784608,0.22104674261847385,0.223096906380175,8.798031519911387,0.28222927126132064,14,0
235.48083840814226,0.2167356345784516,0.11230894497634232,0.3647394964718076,0.3227361479535839,5,0
953.3203841378898,0.04531736753427007,0.17293392041704078,14.154238802513984,0.20986365846306115,15,0
615.3240341652421,0.015427744045275103,0.19854649888049455,8.952642733753338,0.1671219454084804,14,0
7957.657166452041,0.9352508133641406,0.9776673432519641,82.9522709004236,0.7946220687244038,1,1
615.6157664540416,0.020122943216528244,0.29998418815967115,3.1485838964337862,0.4490271447203569,18,0
717.3417220168988,0.16789460504607423,0.003908338967673464,4.896919623659878,0.2588558216923557,5,0
668.9434934621514,0.09777763918562246,0.236105575554249,6.498701234574834,0.49217570370145197,5,0
3139.309691426477,0.8900093052704309,0.6422811508814488,85.4565334998598,0.8594798393813292,3,1
573.3145020786824,0.02609602797342304,0.1633812852282795,5.59032775518471,0.1298768918801631,9,0
614.1889426800038,0.11076914445296883,0.18170718888763987,8.229046769072298,0.27446098994448864,6,0
599.0631442753291,0.5532480908111317,0.6303566499599582,25.540344502868795,0.9879479554227787,3,1
819.0259938327297,0.10459979618751881,0.038470620436568306,14.10784896734406,0.19878601054376116,11,0
190.35213731091537,0.039935078576243475,0.27486620216133245,12.666610089504431,0.3748081160042937,16,0
3078.3891142437865,0.698017253690768,0.6421370464637584,30.706269039975453,0.888867309067521,3,1
505.2227837482444,0.007692619741930706,0.13649913105046255,5.702934281787856,0.19941139044845024,9,0
783.2878815683329,0.0036609216954133546,0.23937708048209083,8.482625209844608,0.3580895373664761,15,0
105.28391573302143,0.27456411828794414,0.17694089189244178,3.5968103873610486,0.046936645040645875,13,0
546.393232052797,0.21968154215539354,0.0013385448171916892,7.009661498064789,0.1485014382274411,6,0
281.9192461353855,0.05048731265187917,0.0875056878292281,8.371530030260118,0.2019180855290204,18,0
519.1058165461711,0.1568198488145982,0.17101640734341986,0.3812869011614278,0.053945713496652226,19,0
877.2157778203962,0.23471564521748203,0.22680650439466712,11.076738138769898,0.43925778065067395,17,0
668.9105332648986,0.062005307963023615,0.10958445092845351,3.218836795625612,0.18862954161398793,17,0
696.1337331722854,0.18558341346455529,0.3010866558230565,2.3790765793961057,0.4404353795994642,14,0
5236.422595304237,0.6310720719415001,0.9329100826111776,58.07741848093247,0.7332932573755444,4,1
837.7060096711887,0.1707244407497243,0.02540473183600054,0.5523280145398707,0.0669260594003166,9,0
84.83785558686583,0.22092060451969214,0.265521811048722,7.119463136247209,0.42208522448459856,16,0
776.9313213279954,0.2777024492642135,0.17526893856479508,13.520634743826664,0.43894557952066376,11,0
56.604524004631166,0.1532241907732697,0.16696440125951162,3.3316171570609536,0.0599326836668414,16,0
268.45687559653186,0.06393141120752499,0.012453633153804544,9.775002380638275,0.18426317186188057,19,0
707.9946546148562,0.25143458689443304,0.3778456877896093,10.248720424344688,0.24858738200421365,5,0
7377.744026927891,0.4723350498422142,0.9512266536429208,25.31550754846199,0.8601902417643291,4,1
612.7938404189404,0.013935123815999317,0.24301794076057537,2.557861855309373,0.03252579649263976,8,0
896.0009167029002,0.1780777360662146,0.27164092765779585,11.837568579110075,0.24922109946452864,19,0
340.41216832282277,0.0572733093451038,0.10738994275606273,7.2791981141447355,0.18634343354702465,14,0
413.7805310161003,0.29151362861673114,0.33956552970643356,10.825942817473099,0.11799245987447787,18,0
8178.23449508761,0.9686128155786825,0.5361582376289693,96.40921658333612,0.8567729798010235,4,1
7934.528428587711,0.433681662049726,0.9263640099378556,38.04330639405861,0.8130742494209116,4,1
631.0705024638669,0.002119891565915222,0.009224970016566303,7.871619903875837,0.19993048585762774,16,0
997.2682751498256,0.12785439067079188,0.1805548097318702,2.4543573178750377,0.3974047743749647,17,0
5547.506945396562,0.9028913101311546,0.6426451691786582,54.33460747170855,0.7803330026465002,2,1
160.26900848157044,0.013800792606525824,0.016291520927588055,12.831908760165108,0.35182892969001184,16,0
646.5053700163623,0.02452770958466157,0.3494314496427109,13.813086007977198,0.030538979927431875,14,0
4816.584678319628,0.9066142496437696,0.5490412903921222,59.059290961742256,0.7450145994081953,4,1
915.5211869349998,0.4738019770742474,0.7793211982252126,47.45338825381266,0.9187520462648344,1,1
984.2519838501008,0.11964733273336592,0.3265727492877536,11.975176874768266,0.07535877198271473,15,0
5553.170711980502,0.4814734282383623,0.5496511013768465,36.7091256564592,0.9776911990076007,3,1
3079.6969504068024,0.6414679824602014,0.5513741262262117,35.12316197820254,0.9349049911950198,2,1
997.8534607964948,0.0800343042825855,0.3906459823330612,6.165555199773469,0.016525366450274193,5,0
468.14486905262123,0.036611470453433645,0.19807076404450807,0.5158278167282759,0.45466020103939103,8,0
8162.598752099631,0.6858900302669757,0.9980614748197205,24.75772550938246,0.7009503545742105,1,1
314.6608220803607,0.053103145283024046,0.03548101350282225,1.8095380665090122,0.23038938401636289,14,0
403.6686282336559,0.2820400327373335,0.38946553470212697,4.258814621061985,0.15268193017219672,6,0
902.55888932794,0.15797353999778813,0.32029990859444846,14.683971534239419,0.4198944297282853,11,0
1749.4235357055902,0.9142777359137694,0.787677701625778,26.11079559931648,0.8147740970711906,1,1
319.58711050878827,0.10892468891959052,0.2583668965326405,8.561674570033679,0.17804836294892312,17,0
151.81341077278725,0.1342237100470364,0.21304690658200928,3.637057554520945,0.13462161547469048,9,0
956.3825897126515,0.040500383226362076,0.1935019767729651,4.048668335882923,0.2699213894540967,7,0
3881.7470510511007,0.9868370907841171,0.896994858184003,59.78047442517506,0.8019332414685655,1,1
657.0019160675487,0.22771075366165494,0.28964133170925543,9.558473696842302,0.4902884000899941,6,0
71.87147454825563,0.19541016329647384,0.3084986674078952,5.61653054580633,0.034460769683609394,7,0
6995.664002981904,0.7270633169564198,0.990258411000553,38.19275966891031,0.8211933628979644,3,1
1848.733902729442,0.6087648469493,0.7251754894527063,79.90610695706451,0.8953442754645022,4,1
134.94045219664653,0.1252742327354785,0.3516473230248659,14.170980334371155,0.23370075562493486,17,0
8596.506806716225,0.8006828099358438,0.7966107850536921,91.38419985117218,0.7555990538586143,3,1
146.34978702675568,0.14576152775589768,0.10271062708820318,4.273093529428842,0.1536449824631433,19,0
8546.204114967075,0.9358541231172489,0.5312287968095357,90.67718103888485,0.8344957166108267,1,1
378.41119382872347,0.054479315040427696,0.36338022453345137,8.750876921491807,0.20042570838181994,19,0
7458.262952461853,0.7289923502358546,0.5639941042667932,90.57084914256481,0.8180343539690774,2,1
139.72081271813198,0.20490203202490706,0.028475459384091597,4.78463445440642,0.4224376554847273,14,0
202.72190124589278,0.24539010723571864,0.3328536711830968,7.612016006412543,0.00319293585841679,17,0
985.1820716683745,0.15770705469080573,0.0686717143393214,4.084609897790534,0.009195338273733367,6,0
3265.8703539592007,0.5242569509059427,0.5761638928313394,91.95641700368813,0.9130406295394198,1,1
6766.478980750051,0.4969718867715229,0.6277466723278023,95.73103633596857,0.8680546775124736,4,1
8146.614379993667,0.4108039333602727,0.981405178537013,78.13367936562585,0.7914253286158399,3,1
283.76617585809834,0.14300864251234774,0.1577461295273401,8.2412135764568,0.37343785806791135,16,0
899.5063997511295,0.03862451948989317,0.13203980532406218,4.823741470200435,0.04614529311437304,19,0
142.52372292587455,0.12150623972409645,0.23716735993271276,8.691223490152511,0.3313106395041602,11,0
749.6220238434867,0.2803101044307044,0.3702274051627106,6.762590571061981,0.056619022920377626,9,0
128.61099903354085,0.2629984457777378,0.22063514901762804,2.4725139170550143,0.20562755829268453,10,0
486.0395386161624,0.16719161066701435,0.3442528071562936,8.026045784004879,0.09223143570942804,11,0
7388.9794117355905,0.5147144208788734,0.6691315526661742,44.69589946985562,0.9841107963216169,4,1
7716.308572648067,0.5127057115226645,0.859895726677343,89.3546774681507,0.8361840544325071,4,1
831.6508342828585,0.22326349708298937,0.2724157708387636,3.5625970693870492,0.20011144643601242,16,0
312.986407373299,0.17770509857800867,0.3649453382466764,3.159932835084999,0.3114832917817414,12,0
868.0146189759855,0.06585315752428761,0.389818906079548,11.696381621820462,0.057118962960198416,18,0
718.748828381584,0.27318720106209116,0.24990450841730044,5.0379878572475265,0.4125536657113299,7,0
931.3646690354523,0.2984723467939306,0.06955809968779492,5.943630283539881,0.37911923785204565,18,0
61.0395129126956,0.021734066338367664,0.15699742256267393,7.1990825207568525,0.30001027405965186,15,0
952.5588686982646,0.2851821440812668,0.22937515524931446,9.47755818254699,0.22422276098915989,7,0
3331.49598207471,0.4632189533505139,0.8909119316724678,71.53193771807327,0.7144558037179888,1,1
2267.9634695396344,0.8815859858774262,0.7290934433689463,58.637509766828416,0.7400439917247831,4,1
608.9920016735751,0.17961419403003226,0.1586639105374248,3.5554178566250427,0.11733701913077554,14,0
363.83105721686826,0.2801075471279624,0.003013745253629896,3.3799919656879234,0.18267840983702882,8,0
1048.915329465483,0.8170211373151319,0.9918394626317069,39.13440833727405,0.7426748106061588,1,1
277.1025655874023,0.15291727402550945,0.33011444329315875,4.195553077072188,0.47119350955111655,6,0
104.23251328484912,0.1593508584003096,0.37464227691798463,0.5901531100276447,0.0610549570050134,10,0
6543.684964728211,0.8713909708481392,0.5591680954616937,52.79239117570306,0.9519406856906851,3,1
9679.312401714584,0.4764723756537214,0.8538441631653093,97.82210583136687,0.9478117154999716,3,1
916.2442332119155,0.2902533790841333,0.07418354987066174,6.93145936148491,0.0006159175832129438,11,0
8112.9857002854305,0.8599531143829859,0.8668079150211563,43.95548083935093,0.7520440222797872,2,1
953.9724756375606,0.0372659900184178,0.35848852107401535,8.921649560654041,0.308302290931237,19,0
2250.135972761248,0.9363938260047222,0.8271462761624809,32.16834265778183,0.8320970255105047,2,1
956.9270285316421,0.19640792442940444,0.15202980357488213,2.95731189859316,0.23959161472179996,7,0
659.9300638465734,0.02524198949851465,0.06465148563784551,13.478312827906189,0.30321452982979497,7,0
989.725664322691,0.22300584686808725,0.02599456379315761,6.023703546382312,0.4189128676416227,10,0
171.1142292153833,0.11918618716811018,0.31891814631182147,2.248761410231607,0.11462569761632074,16,0
1822.831025617154,0.7194524093651302,0.7055478013003533,47.78746610070741,0.9699500037061817,2,1
77.92472346868193,0.11865455095470456,0.24247548542446862,8.965853478837966,0.3964780473028158,11,0
8437.062245632113,0.6222381917651839,0.6874017838908981,57.92051427865247,0.8332383139497255,2,1
184.68567385074678,0.08236207620003762,0.23881876675827668,10.13761867631064,0.22135848338976355,17,0
743.5373507337276,0.014314838307494637,0.22641488419763053,2.3796967146373653,0.06008232390282109,17,0
874.8860516838075,0.02535510230420458,0.23891123290217223,14.793854938002227,0.26829532299366626,12,0
385.68461662475016,0.17509683355526162,0.031093854785993937,14.615922114992497,0.49310537223980144,10,0
4813.015401363091,0.8129645414681422,0.5702764837891804,58.84717597275183,0.7082610159608396,3,1
945.0916679006101,0.16898646535366177,0.15416660101596646,0.23949378330321291,0.1154469128110745,16,0
2009.6275928588589,0.7661350896865848,0.5676770411388428,80.11000688232366,0.8970865468801419,4,1
4761.800994068154,0.8332425629216422,0.9430978902325373,67.44354673494273,0.8174577094533488,1,1
8268.960633640978,0.5281068197864032,0.7529263464759145,87.256242240896,0.9198404634298751,3,1
675.9777448146438,0.008128797751045047,0.08878886477317978,3.466121948821071,0.3359463717993642,17,0
285.8151206192943,0.17328958622746415,0.06620532697118953,0.5081874036989248,0.1557365855663787,17,0
500.52544326535116,0.10331511961326996,0.14061606445368754,6.191903259101284,0.3524627748444765,12,0
2087.754108976602,0.7931694458149949,0.9958713085839195,25.8136697288013,0.7231234035854381,3,1
712.549253884498,0.08920470221176523,0.3697584781506122,14.565873677480516,0.47213324455671696,6,0
4934.429733696285,0.420676755655,0.9848038634240477,95.92897144715523,0.8538707248441593,4,1
134.06787694932353,0.058794858725743554,0.018090915564215226,4.8799549614489655,0.194338644844741,6,0
5563.774238838329,0.4947728937012088,0.8479495590844013,83.46090803506036,0.795028503120258,3,1
333.06147896485294,0.15708068280450335,0.27905674859738533,11.947076635108159,0.22967340397308622,5,0
507.58363856590955,0.11339627703667633,0.28203374571866396,3.7308623164543193,0.16512626450954926,18,0
707.3004378080586,0.19558837785078015,0.08970772378422393,10.682688320213037,0.11862454374840004,9,0
3993.7138333342514,0.6484778515173563,0.9137689477834372,78.68915044491217,0.9307914680924019,2,1
754.6025970172323,0.20965375594827132,0.16102001743879224,3.270346612411297,0.3225270838846647,18,0
3380.3435648799373,0.5739820713661654,0.7816444654769074,29.596295441911195,0.9750375072107005,4,1
930.6509195280805,0.16198713908416787,0.33681331775056855,7.814369659080633,0.31179284400137985,6,0
8505.76307052527,0.5880087505510859,0.8944662358880036,91.34977158485879,0.8301452258729588,1,1
959.4067498341593,0.24786170873818975,0.32030787485195006,9.446668844942296,0.10816201151827676,13,0
798.5068888776517,0.2594058576100621,0.24339456506391655,7.602576477307239,0.07965201030949015,17,0
3719.17616871814,0.8815514077478876,0.7860243216846504,61.01341807651331,0.7880466469624364,2,1
207.24448484892528,0.055896263848236205,0.33499631560099685,4.982196189824084,0.1557221320228206,7,0
1699.515044862776,0.8057065372452604,0.6625520077158495,74.9061757348878,0.7208923444487216,3,1
611.7116639576827,0.11970081116103908,0.021904655528812534,5.027958624688514,0.4014267242990057,9,0
9115.956683930923,0.4794234274209835,0.7965072501802988,67.929646803226,0.8060382221640348,3,1
731.7178773752674,0.20773084539731088,0.39650239748087535,1.9259143418118785,0.05205482469208317,14,0
932.9071896712065,0.16702886790417892,0.22864507578795995,4.199686404904263,0.38474646659596845,10,0
3820.3105348247786,0.46845747093276,0.5756234143674672,38.025354396098805,0.7752899984020893,3,1
605.8920557091983,0.21783625322155442,0.3028324808169824,5.667758239136797,0.12054241616481592,13,0
67.20467462979849,0.26163717268324543,0.372847312993445,8.476997753838134,0.34832541193844613,12,0
370.0510021825515,0.054635374706609785,0.3158794028569917,9.880616632513142,0.2490978582265695,6,0
7738.067219746265,0.9001899771625513,0.720220675156212,44.1866599481195,0.7778004691951284,3,1
172.70144439392024,0.2862153081776167,0.24246985378035202,3.4296420825519407,0.33585034220292836,6,0
7506.874616381854,0.715143854512096,0.5163228387728342,89.4841205056231,0.7194060680545394,4,1
921.525832431255,0.001590001919281625,0.390026865178057,7.361231688881767,0.36144804831088784,18,0
608.8505691214345,0.29980604986975046,0.22232263257487186,7.098151771220001,0.15642742825279377,19,0
502.84298691385,0.01331299905997103,0.3408774133388031,0.531335526278176,0.1645256826849355,13,0
844.198160592149,0.07073762818776295,0.3104000828141718,6.079652746286151,0.30092769183100426,14,0
9033.485459280706,0.8975994430847702,0.6587657239383685,96.22380220810355,0.9475602302246704,1,1
84.352361498524,0.09093850678359858,0.10524502796433716,5.402046112072786,0.04382137338191927,15,0
7586.289483729908,0.9891815142676872,0.6049209974282047,86.01045341328921,0.8560889730755962,1,1
7333.859412507007,0.9341548318106813,0.5397032923215148,78.51971922722899,0.7562235832292746,1,1
4378.9102562147855,0.8555492398365057,0.9518039221733976,38.6210517681031,0.9422188091019854,4,1
875.7966434184999,0.14186758968995464,0.21414324073706437,2.6766894784165816,0.156135893024398,7,0
630.0890403195509,0.08658916597207673,0.23249528856904492,2.3154407291130346,0.24057005092740874,15,0
8746.538556020778,0.8835552400705726,0.8950152181535307,44.37433112784326,0.7242757849153756,1,1
497.9558370973871,0.16296984173698745,0.06369829531170579,3.055518739144113,0.04558224520309584,12,0
5320.413417819184,0.9245335148111055,0.7467732901700593,76.18070128253314,0.997845051699721,1,1
333.45570944049297,0.2519841494017416,0.30912911200672183,3.450805245471509,0.06566756320468903,7,0
966.775565133187,0.037289167045663416,0.2923469900814577,14.075106852315567,0.09061653308283008,7,0
7283.310122435136,0.7647431284544223,0.654686358931391,85.90323073770358,0.9865181534454968,2,1
232.27395848280577,0.09701146863465622,0.09066256089079522,5.3249445874790595,0.034711921373046684,5,0
3799.1318707898217,0.7482805605962176,0.5695983506728477,55.523499936176236,0.8878702964263191,3,1
7834.118524944908,0.4163004527353359,0.5326022956302461,57.114510144986625,0.972766061758468,1,1
668.3335005948345,0.15988733596540058,0.12973350124615024,4.995028695872969,0.33474347759909506,11,0
7529.870673513312,0.970187651758355,0.6014681837874511,65.24399719371523,0.993894014510165,3,1
141.84262716438366,0.13511128087745553,0.30246533155809846,5.213572863584731,0.332455862243609,8,0
6817.356583021955,0.5561721145396018,0.9535975153529149,73.65858495246673,0.8681321892941319,3,1
8796.567700677673,0.7817748123875489,0.880560768521579,32.805730796365836,0.838467242325937,4,1
510.29683593147024,0.1854764314590888,0.14756545582790898,6.938020741997218,0.37373546906687827,18,0
54.99112763046567,0.030928123804123464,0.12583862272376437,12.111453777251418,0.48104939288205883,5,0
7878.874489481081,0.47322103127463705,0.7971453752808874,94.91593391069284,0.9628315577794128,1,1
6210.204584602213,0.8233515175862948,0.8442025092460684,49.96423096160971,0.7500580605096258,1,1
3637.306403695851,0.9436395314118191,0.6333375983309888,77.98851994520136,0.9632941058952345,2,1
4450.076256530776,0.8317922899663183,0.6855808073928709,89.58105413453686,0.9191489082876371,2,1
6236.0568030191835,0.8119539480955641,0.5572438190329525,50.707110643598355,0.8368709526866626,2,1
589.1638058484803,0.20683949074117972,0.32023467964363317,3.0022536636721515,0.08374129112953488,5,0
7935.612387069417,0.5592324455129167,0.588883193925624,75.32944444554555,0.8854155022861558,4,1
610.7801953890673,0.08041909224686287,0.24965956313965362,6.141174782868607,0.2760235904259901,6,0
884.6976596047663,0.1486270879211897,0.2965843644556182,8.597262738860831,0.49884630796192164,13,0
627.3499551349162,0.15380655330495258,0.09226792468710349,2.647920480082624,0.11024310453508768,5,0
601.1066182106947,0.07626737396924797,0.20869201865448528,5.13980232181373,0.26612249441314956,11,0
888.40681152862,0.024752560332126382,0.32980561875873354,5.36702026392407,0.16104735110966767,10,0
223.16968455216016,0.1691895276056509,0.33628399435117245,1.3380649306808428,0.26766778200776176,13,0
858.276641944339,0.02636628736204316,0.3223459546964574,0.8348023403546301,0.4211570176490908,7,0
2641.6681769050915,0.821766064587206,0.5264019802342641,58.927812979500246,0.8798106896988801,3,1
782.3757524118494,0.2534349684350663,0.30440959637719955,9.393304824471231,0.06562243884119379,9,0
1417.0774668566878,0.5451362969553034,0.5062020181386574,57.50143723716047,0.7903795782280001,3,1
4202.714180551675,0.6277017420248312,0.6133651914617553,50.528955189376006,0.7386546136000764,3,1
356.2361527259868,0.24296233375639045,0.10185626190550555,10.22254083335894,0.3801139299448433,15,0
626.7393342843417,0.164009223814221,0.09277883844639018,5.86358993858272,0.2972381675930865,18,0
7974.128183967151,0.9824597238848698,0.6313378212993259,41.725501180083185,0.8418691398432714,1,1
539.4742521210003,0.2919331047810313,0.2407741582163841,3.3577359885948086,0.4108953184222246,6,0
1142.8494380500151,0.8247010583378612,0.771769108671323,26.538027659742262,0.8374901924585969,1,1
1500.9915725516566,0.421342520221329,0.7542896447237892,51.00761851862156,0.8385840810012867,4,1
408.0972079536622,0.13880393570088193,0.12055114966565683,11.214140702643768,0.2513601950462396,13,0
8722.982883433246,0.9884436061500577,0.7037921042869084,86.20151376850424,0.9293583383964152,4,1
931.9026344583391,0.1284552444951943,0.38666192761746787,14.454299656338792,0.42650472773368003,19,0
7778.101361558069,0.9075528638066392,0.8068020571187292,27.088377117574325,0.8462883429001633,2,1
661.1238075202356,0.137475867147455,0.218246715726374,14.121972131647878,0.19305131890038713,5,0
140.75854814293479,0.1871577974029719,0.18070707149489165,8.79912694763211,0.08400710387243171,7,0
91.0019163530473,0.26734293410942134,0.21108044363451994,14.894471941789504,0.03689828236769943,7,0
215.48366974934095,0.2882341654460931,0.16636294645877633,12.69367938028574,0.31438240910297255,16,0
616.4563845579504,0.06900265118631091,0.04822675431091153,1.1542980244381373,0.3481443879390699,12,0
9693.680832482194,0.9141243616450565,0.5588219940796626,79.17842656684326,0.7959000497321633,1,1
615.2965307153995,0.10178137376885728,0.22777740710540015,13.311907237702544,0.27836079239168304,12,0
812.0871317163377,0.022365193103931248,0.3947547746402069,11.583671539449861,0.0993578407670862,12,0
314.9277849625728,0.2101073489918314,0.3386644568953224,12.844864378171387,0.20225406356109504,5,0
688.5287700355847,0.22848588459861527,0.09505501759695988,10.923245229177894,0.1838915663596266,8,0
838.2547135218415,0.06192638152818096,0.004398331463392191,2.053284451032109,0.45000932092405255,10,0
323.5331356519398,0.18448507894579633,0.3647409635371859,2.0867429121459278,0.05039730150794325,5,0
9779.603120851263,0.4664323559957894,0.7112742141559723,23.361974013712423,0.9219712362300791,2,1
8100.674202642015,0.5224213807773394,0.7775424746511431,78.64570368237398,0.8847956350780537,3,1
966.2944486566981,0.22802822353142915,0.1769195049523641,4.679279857426957,0.16037137021906372,10,0
103.55672181838077,0.25941671287651596,0.325160403652031,14.995765099291958,0.4983184185369527,9,0
466.5504168671826,0.20160784058855982,0.1312610669898928,2.325624250916163,0.49092044415526553,10,0
69.81808232696119,0.19597890577119903,0.13292585014204358,8.137179535790512,0.24663842339189979,16,0
2392.5451114935045,0.9341290015817046,0.6437047982327899,49.42287902049223,0.7174275856241049,2,1
7868.312583790611,0.9786859923404869,0.6018832295638445,61.866370495579304,0.7861413874253727,4,1
463.0859716735589,0.07392060997173204,0.3276409270696799,11.991238184534689,0.3473482354272134,18,0
897.4442274182576,0.18934158779917887,0.3179245214166594,7.539556396577882,0.28845194231317955,5,0
4187.574208206457,0.8044781773216378,0.6299524896214164,47.61537667953684,0.975245752939597,4,1
7353.237785509738,0.9177283017474475,0.5010519215879417,77.40576997852756,0.9488762670595751,1,1
679.0064096012364,0.16313367239921978,0.34579715212293943,11.008648784305526,0.26063015609020745,12,0
292.8627479188087,0.09061815055043851,0.2927832270342538,12.767613912791562,0.3357123347653072,13,0
474.0502141869563,0.2592648533022507,0.22325609983754516,8.098587592533187,0.01709388296957909,18,0
5309.5275652044265,0.7804624188257988,0.5354661080668868,40.35132646734776,0.8085559279615415,4,1
975.0677428993862,0.06983140212909127,0.03624257381312832,9.27579013999631,0.19123099563358137,8,0
221.00991559908732,0.026566675266972418,0.04132358284960627,8.770060506638831,0.3441039329332977,8,0
8764.707016653007,0.4783914062940778,0.8952548971374426,29.985665117347864,0.9382631987648216,4,1
177.3144670281087,0.00863480289400169,0.30205490226944764,9.30464327030197,0.3520398840496118,7,0
168.92650259242293,0.2056695861686914,0.1721223579597851,3.0078709005050506,0.24579727337071844,19,0
1140.153270462464,0.6324355514011956,0.9259206184369738,52.3118291336099,0.7232843934194322,1,1
374.7785577367518,0.18978656794018442,0.372811242204007,1.5376459198601888,0.46861424361822557,8,0
745.5753495361092,0.07521919816847933,0.25323922534297905,7.414107752074071,0.2866471890897003,5,0
390.25458213119845,0.034067277659888706,0.26862927823711985,7.804615513556899,0.38615919586781966,15,0
409.55260231157564,0.10888328155379759,0.3981921962817028,6.695285267964632,0.1667847747361002,10,0
105.02443753085838,0.022408325327356204,0.3409658636794591,14.852225591259705,0.3380261285933772,16,0
66.30304674016273,0.22900932690117326,0.3227651908203118,5.194564816341012,0.2323369064698057,9,0
390.7144422313557,0.07624909472092163,0.1181162353675755,4.838261463579007,0.4243348974623372,13,0
939.8934892998977,0.04125628324379797,0.1364265404201034,1.702102818608836,0.4623468091392814,18,0
463.80414907228635,0.24535026485250647,0.04808362214824338,8.167336469412744,0.0028793302490607853,19,0
5721.352415329782,0.8983206738429039,0.5343564162591339,53.94375087079105,0.7247852990377806,4,1
996.5189870163881,0.26923084441386114,0.18535229928624797,9.34406074402678,0.37393580204611426,13,0
6396.274558333548,0.5207872646934599,0.6975688716321593,23.156762631271945,0.842663811246048,4,1
652.6337774662956,0.20421163546643004,0.21237383332685456,6.716747468596375,0.276446544535664,11,0
3870.3272724418503,0.965035426971355,0.834286323361457,74.29359653380519,0.8085759972513594,3,1
188.62597033338818,0.030837721347799704,0.22836180073766574,0.2755145541081,0.24117819077579578,16,0
228.93162957732136,0.2192488424612629,0.062465537916869575,3.51841940002243,0.4816734164101995,19,0
370.3657761176494,0.27165743769890216,0.309049090979753,3.973431708551001,0.32264491876285845,8,0
131.23310431174468,0.062365876543808194,0.010612881549527886,2.7215315263469595,0.2915207804848461,16,0
6187.577822031425,0.7012921659771921,0.5694356631982584,29.259008534296427,0.7462964695849238,3,1
519.2824127743195,0.22639058755803496,0.04116641229765801,8.047220272268921,0.18941078277845785,17,0
428.5794976775048,0.18475502941566493,0.25403746034705754,0.6795601465806678,0.1873063073132356,14,0
161.05313867294586,0.2819496370840425,0.25108322122856713,5.023584219856292,0.06963603633169363,19,0
499.5078909992976,0.18183056431675157,0.317715779986585,1.600488751701541,0.42536373000822736,16,0
4182.663651828647,0.7796271272491606,0.8519285458171656,20.349061572024727,0.7500859266241596,1,1
223.1242833986592,0.22660842309529572,0.1700623497964979,3.1191249430228325,0.28385016390999573,17,0
3822.1806825855706,0.8647921187087091,0.8306853055352073,34.815645429397435,0.7522328006002252,1,1
6976.612118856532,0.4677589856116068,0.9210372186992897,39.37849742596535,0.843477965258567,2,1
947.039017268909,0.26015968006650114,0.2545614389784045,12.014239420235995,0.33858417119149087,7,0
5398.954563116728,0.9516351839286504,0.7484817414529151,99.372641185865,0.9554274873235287,2,1
390.54244211705895,0.03476071785753891,0.34524137035023744,9.349471902413368,0.1654490124263246,11,0
197.4782336341769,0.054578439148581334,0.34471424840540693,14.19173193200449,0.18665465813987647,14,0
533.373372996822,0.1908997854557686,0.10018472744223367,8.848062713408158,0.4894464291375045,7,0
7696.077905499465,0.5658650143500377,0.6561745509427568,71.41397261379389,0.7587522437760756,2,1
6435.4466964993235,0.4430654837359078,0.8413086106117011,39.35453442524236,0.914185789751977,4,1
1205.2882933896713,0.5358108966048916,0.865123073545073,67.90466371067932,0.7193473813747502,4,1
762.1692401557784,0.03902587203918959,0.30330527837160903,0.36880374688202266,0.011061775764498627,10,0
509.3683643839285,0.24179776493254743,0.22009061686250472,0.6511879928222875,0.3165756877970112,15,0
6635.3126697216,0.782141390472846,0.6703020832906459,25.736951107812082,0.8228886684685696,1,1
3409.9782383930205,0.873391095952476,0.723209758200791,83.8704272414682,0.9467267121004835,4,1
3058.647333869238,0.7237337322973031,0.8639735883653716,28.635497171717148,0.905589404834762,4,1
631.6450865871001,0.14531953427221217,0.2643280473197003,8.295021788879376,0.29873793131596504,10,0
283.02125564256784,0.04720219791075779,0.06416004213202885,5.010133181178568,0.11934501565050876,9,0
827.7454494748497,0.03853461542795741,0.11333717930623265,0.27641578107326203,0.21612039194625615,6,0
501.1422163309077,0.11475788407320248,0.04793160080705854,14.612469429420234,0.010013177962912234,8,0
3667.36956051155,0.8398307139159961,0.7642890548610985,83.47152114442781,0.99716380983104,2,1
119.82190996351203,0.05092737152626222,0.20790957942240706,5.055047646469294,0.41444168294130473,5,0
5430.806661230713,0.8065253604753719,0.6559319289584415,81.91931025222101,0.9318764445628345,4,1
3704.7826943063806,0.41159657855056064,0.5621841995002551,53.09141399349082,0.847859375334234,3,1
717.4913372731423,0.4922746898008187,0.6118072172481557,96.58583103156698,0.8719124286792548,2,1
3063.296841218036,0.8950296461080373,0.7491278411317268,26.164662330746495,0.7175652787731938,1,1
275.6669243306111,0.11197553748880203,0.0909078509052606,1.0979388565266546,0.30172429669068895,18,0
613.292938099618,0.17402586235134335,0.03659473495910195,13.161912939455705,0.13280002129435303,16,0
947.1892392984098,0.04232455463331407,0.16255692330940882,4.859850916601994,0.04346250747517466,14,0
994.822985257474,0.1409833541972829,0.11182413671870345,13.252410333993884,0.37385938694870696,9,0
403.24185277678833,0.2456356930071281,0.1010034998753529,0.015442197684500947,0.07946914163837826,6,0
5560.420924234772,0.7810534635458313,0.7249211039862796,37.47545463066457,0.7360741679535027,4,1
116.52822046009747,0.002845630088549422,0.021073534390891435,1.328151159204272,0.018798386603130435,16,0
4171.377991011897,0.7386646544073294,0.5958912277959303,36.940428053238264,0.8453804761056594,2,1
78.47491037904405,0.09237898247735728,0.2818723050946587,3.0278017818442255,0.33671621666245866,6,0
248.67425152458847,0.1738949803415215,0.13662528418261802,8.05895125071105,0.23005957949178601,19,0
360.3186797062388,0.2483607011362766,0.10861716632789675,14.478777455861547,0.22863258080686427,10,0
5491.631669184082,0.5466039644718796,0.5564716042055868,26.974357426546494,0.9157232342061566,3,1
144.97617002710274,0.13777466758976015,0.13348344445560875,2.143002268829112,0.32544423647442644,9,0
9722.050459933856,0.8641233349207383,0.9900544962068835,58.230275841779395,0.8596772593446929,1,1
2549.536452176314,0.8066879201860265,0.8038760611263613,43.624118205746626,0.7409802710953517,3,1
630.9380253223965,0.024478254120072106,0.0020739451095947103,9.41841622422954,0.09713697675602112,12,0
9329.553597494583,0.4991223636027101,0.694936176470772,78.38882470787827,0.9646775668284543,1,1
822.1595888946274,0.2841745732151576,0.3944004255291484,11.300672778884124,0.18812979276545788,19,0
858.6465683463302,0.1485439581041923,0.1922346309306592,8.886116769892764,0.4123404829625746,12,0
279.75967635542906,0.027930830341769762,0.35888630318133075,13.506270857449957,0.31655072863663397,13,0
692.6877164883842,0.06470254571931515,0.2635541880930629,5.907966084812378,0.32561648852074604,14,0
8290.119976633883,0.8169294242055756,0.7662463497185733,55.908245733976656,0.7253177141633627,3,1
4478.536531204533,0.5560946745772307,0.8654104824903649,98.50376723977973,0.7769590187332743,3,1
915.3808252691504,0.24676117287695068,0.37991996531676964,10.885792625825399,0.30670759796789493,6,0
7702.757605227105,0.8460542716459656,0.8059702526686655,28.474457004679437,0.745470811476302,2,1
9434.260804493639,0.44962927691461213,0.9654436860304042,86.13717279448147,0.7389789773607104,1,1
611.2915975405602,0.009150074981714829,0.014939275499685767,12.339008409894873,0.18009532070563145,16,0
7684.5142499688,0.9051822228980252,0.7351595270508928,60.16401707907577,0.7374142170734171,3,1
381.144983879872,0.04778623357284154,0.24198156907621635,4.7716733042717925,0.4332193337638227,13,0
239.56532838268788,0.20406847272938738,0.02887936359167034,0.45978753308709097,0.12884144425560684,16,0
63.37583157933023,0.059652721226641545,0.28453678109946,11.852633107968085,0.3029799873905057,14,0
2861.5124482919496,0.48028224176769324,0.7092903108119677,83.22701886881185,0.8746444689339916,3,1
424.7957086777234,0.03202681978076531,0.13426402591878528,2.545198558433483,0.3234241808343619,12,0
3316.6529221914952,0.9509247997736652,0.5553742226594791,80.76659280917055,0.9964196699958322,2,1
957.747511157188,0.005469774802908489,0.07831119427341844,0.1134431246721318,0.3237373570773015,16,0
513.059638337038,0.2683656680682274,0.3199421023789261,6.378202567038501,0.011234654160058699,18,0
9694.67033102779,0.5772668664864522,0.8846115739190668,69.9730855083411,0.8145818918958687,2,1
9754.847216255392,0.9082364961903397,0.5117974823227646,91.88484837398715,0.9349595239895878,1,1
387.59432922747607,0.11744463306045057,0.2127429918752696,0.9992866858622546,0.11451269546239817,11,0
3991.577011769549,0.44090338563129616,0.5129059534747435,30.81330313238582,0.9889345334767521,4,1
4002.7181232155544,0.621887953592306,0.5261775100937363,81.40541028143346,0.8249513295711637,1,1
2813.0406998462386,0.7910263887465809,0.9053429639931332,69.12650489477889,0.9578695694940838,2,1
402.48682483537254,0.2962948691208173,0.016043676564992993,13.005472441836728,0.2893377042861967,8,0
99.09763511017732,0.1594063894704444,0.21625404864404263,9.561448522473098,0.3630456668613308,17,0
3047.320690907377,0.4938290826420688,0.9265448117018252,23.720046915205238,0.8859098320598247,3,1
716.8685333948182,0.2387378008308303,0.3560021367270265,5.069927352773037,0.187791476319972,6,0
7365.71609813317,0.8155194589222647,0.5672175647040609,43.9516470697345,0.807614657625104,2,1
387.8890806417017,0.21571377155527363,0.11884868624927002,8.496069604453458,0.23802520109954983,19,0
2469.4355302818003,0.8694329976760524,0.8672889615607067,44.03915084803459,0.7977469352693349,4,1
488.8457080468082,0.29710239400253313,9.50094303538318e-05,2.7820936436508372,0.19198194495986287,7,0
1218.2478858591323,0.6194084489568228,0.6126906340033829,35.666646730741604,0.7422408846678028,2,1
468.9805536607535,0.12134563490455522,0.22897110377338628,12.059654691013465,0.2692007451903938,10,0
553.178594722327,0.24451632852073713,0.1992363014044023,1.0076309987356513,0.20262404401384437,10,0
677.1875078818447,0.08398016908378285,0.38194611226527764,11.068453750436527,0.27717702625570034,10,0
717.3598797877538,0.10784734536592655,0.11743673770579735,12.140417332177705,0.4050566973395904,13,0
835.4578719322712,0.8474402696387393,0.6012402800826186,96.64587840955042,0.8103822253906253,3,1
564.2315185360169,0.21271815583527492,0.34838764949843426,10.711303981986417,0.4008640415348959,18,0
476.9621434530508,0.1763653113331161,0.37943334194057354,3.787916731131289,0.17962537395812278,16,0
227.24155594173405,0.2677676995469933,0.2157368967662603,12.111602327460938,0.4480456499617466,11,0
8556.150909869313,0.8345904818059968,0.8960468168802715,52.383874326815985,0.8962227386115994,3,1
6512.610141445124,0.4414177245327098,0.5028329072647837,94.96728227670359,0.9465779907819789,1,1
144.4693231213779,0.07295165729983623,0.2889067727422637,12.835447021594286,0.4151099322834958,8,0
555.6472026720882,0.17427961597883931,0.035850535661976844,10.764536788629442,0.1999526034020781,17,0
2183.1237900827223,0.7044678196718452,0.8386936607593585,38.80297718430601,0.9492065531560231,4,1
646.1301900574516,0.2621031342559016,0.39363338767971806,11.524101207967773,0.20888339108366688,11,0
9807.933349617959,0.7936804108123484,0.5649132244758588,74.94887981400232,0.7279091459380082,4,1
584.1819750840143,0.287287585351614,0.07012117694306386,10.350073362309987,0.10046684432952824,14,0
6238.680932176582,0.9444280988277082,0.6194283302009638,57.57134197445672,0.8351395904973454,1,1
7034.899043859194,0.6251559426655998,0.7693478336715196,61.93273365809298,0.9544143373392315,2,1
987.2986168109045,0.28953560893081365,0.0019759923737638465,14.277176781348585,0.3195599689077502,13,0
1503.8145004865673,0.7844957888141237,0.6080190912547998,69.56703639182636,0.895060327719446,3,1
379.6055418014163,0.2212503744329245,0.18088717635592289,3.369072344099729,0.2262197580663467,7,0
930.1269524102256,0.21647896522538315,0.01923785758563508,11.722717226271223,0.41397044358874596,9,0
601.5589327641413,0.1896792863758591,0.005237782635333455,9.953060580250659,0.08901798343487571,8,0
973.4992639379448,0.9423479981562248,0.9546950960041981,82.41704507440818,0.7021087611440857,1,1
342.38837778249695,0.2449157205639187,0.38718950617592923,1.3261233504846985,0.39590891973481646,5,0
4411.772645052831,0.7905840802905726,0.7727159347034527,24.98184847055085,0.8537507946310995,4,1
646.1801760798603,0.17529429357693008,0.3604632041963956,0.6816957051218681,0.14048159479611516,12,0
6929.802339145258,0.8970815796694702,0.6473096981730966,21.145222213364796,0.921360855568459,1,1
898.5366226005444,0.9810932665566303,0.8993570958272873,43.42576293607718,0.9939910988076552,2,1
114.4452061499133,0.09028907008404487,0.28326883545811266,1.0102590220315755,0.29108523008813664,5,0
2647.2754792519972,0.7842856253055064,0.9894905575874045,68.2794476834703,0.8073442252340646,1,1
548.2858200917419,0.12311904809689844,0.39295144676344257,1.6805835325207852,0.19892779952287082,16,0
7387.3211142784985,0.7232878054237715,0.5303144630332342,75.19997898471547,0.907028967471353,2,1
886.4444470644949,0.18730621444013798,0.1182534743350856,1.5824138974540591,0.22826728524145512,16,0
352.8148777854664,0.18776741293110272,0.3543910992944749,9.237947822734569,0.11647973737681688,11,0
873.760776849236,0.1685600076431321,0.09543874391613608,10.197671698503687,0.36995438022368726,7,0
430.2854644647673,0.20930027210907953,0.07202690893971941,10.447521993406184,0.20583060717876406,7,0
660.4471704998301,0.22780329837685978,0.2001781236522966,8.135454974696074,0.4757392798329956,6,0
1383.4110783197555,0.7529213601690343,0.7404864449430619,71.38604207241819,0.7194560783448904,4,1
1461.9691888440098,0.908283693816271,0.7655426724426214,87.3378689395741,0.8740664556355088,2,1
465.6011759225426,0.2712476083481245,0.13930218680932013,7.709842337397162,0.39182650637057154,16,0
